INSERT INTO User (UserID, Name, Email, SubscriptionType) VALUES
('U001', 'Alice Johnson', 'alice@example.com', 'Premium'),
('U002', 'Bob Smith', 'bob@example.com', 'Free'),
('U003', 'Charlie Brown', 'charlie@example.com', 'Standard'),
('U004', 'Rahul Mehra', 'rahul@example.com', 'Premium'),
('U005', 'Priya Sharma', 'priya@example.com', 'Free'),
('U006', 'Amit Verma', 'amit@example.com', 'Standard'),
('U007', 'Sneha Kapoor', 'sneha@example.com', 'Premium'),
('U008', 'Deepak Joshi', 'deepak@example.com', 'Free'),
('U009', 'Simran Kaur', 'simran@example.com', 'Standard'),
('U010', 'Vikram Patel', 'vikram@example.com', 'Premium'),
('U011', 'Riya Sen', 'riya@example.com', 'Free'),
('U012', 'Karan Malhotra', 'karan@example.com', 'Standard'),
('U013', 'Anjali Das', 'anjali@example.com', 'Premium'),
('U014', 'Mohit Raina', 'mohit@example.com', 'Free'),
('U015', 'Meera Nair', 'meera@example.com', 'Standard'),
('U016', 'Sandeep Yadav', 'sandeep@example.com', 'Premium'),
('U017', 'Ayesha Singh', 'ayesha@example.com', 'Free'),
('U018', 'Nikhil Jain', 'nikhil@example.com', 'Standard'),
('U019', 'Farhan Sheikh', 'farhan@example.com', 'Premium'),
('U020', 'Pooja Iyer', 'pooja@example.com', 'Free');

INSERT INTO MusicLabel (LabelID, Name, EstablishedYear, ContactInfo, Headquarters) VALUES
('L001', 'Sony Music', 1929, 'contact@sonymusic.com', 'New York'),
('L002', 'Universal Music', 1934, 'info@universal.com', 'Los Angeles'),
('L003', 'Warner Music', 1958, 'support@warnermusic.com', 'London'),
('L004', 'T-Series', 1983, 'contact@tseries.com', 'Mumbai'),
('L005', 'Zee Music', 2014, 'info@zeemusic.com', 'Mumbai'),
('L006', 'Sony Music India', 1997, 'support@sonymusic.in', 'Chennai'),
('L007', 'Saregama', 1901, 'info@saregama.com', 'Kolkata'),
('L008', 'Tips Music', 1988, 'contact@tips.in', 'Mumbai'),
('L009', 'YRF Music', 2002, 'support@yrfmusic.com', 'Mumbai'),
('L010', 'Eros Music', 2006, 'info@erosmusic.com', 'Mumbai'),
('L011', 'Venus Music', 1992, 'contact@venusmusic.com', 'Mumbai'),
('L012', 'Hitz Music', 2018, 'support@hitzmusic.com', 'Delhi'),
('L013', 'Speed Records', 2004, 'info@speedrecords.com', 'Chandigarh'),
('L014', 'White Hill Music', 2013, 'contact@whitehillmusic.com', 'Chandigarh'),
('L015', 'Desi Music Factory', 2016, 'support@desimusic.com', 'Mumbai'),
('L016', 'Panorama Music', 2020, 'info@panoramamusic.com', 'Delhi'),
('L017', 'Bollywood Dreams', 2015, 'contact@bollywooddreams.com', 'Mumbai'),
('L018', 'JioSaavn Originals', 2017, 'support@jiosaavn.com', 'Bangalore'),
('L019', 'Gaana Studios', 2019, 'info@gaana.com', 'Mumbai'),
('L020', 'Hungama Music', 2007, 'contact@hungama.com', 'Mumbai');

INSERT INTO Artist (ArtistID, Name, StageName, Birthdate, Genre, ContactInfo, LabelID) VALUES
('A001', 'John Legend', 'JL', '1978-12-28', 'R&B', 'john@jlmusic.com', 'L001'),
('A002', 'Adele Adkins', 'Adele', '1988-05-05', 'Pop', 'adele@music.com', 'L002'),
('A003', 'Ed Sheeran', 'Ed', '1991-02-17', 'Pop', 'ed@music.com', 'L003'),
('A004', 'Arijit Singh', 'Arijit', '1987-04-25', 'Bollywood', 'arijit@music.com', 'L004'),
('A005', 'Shreya Ghoshal', 'Shreya', '1984-03-12', 'Bollywood', 'shreya@music.com', 'L004'),
('A006', 'Sonu Nigam', 'Sonu', '1973-07-30', 'Bollywood', 'sonu@music.com', 'L006'),
('A007', 'Neha Kakkar', 'Neha', '1988-06-06', 'Bollywood', 'neha@music.com', 'L005'),
('A008', 'Kumar Sanu', 'Sanu', '1957-10-20', 'Bollywood', 'sanu@music.com', 'L007'),
('A009', 'Alka Yagnik', 'Alka', '1966-03-20', 'Bollywood', 'alka@music.com', 'L007'),
('A010', 'Udit Narayan', 'Udit', '1955-12-01', 'Bollywood', 'udit@music.com', 'L008'),
('A011', 'Atif Aslam', 'Atif', '1983-03-12', 'Bollywood', 'atif@music.com', 'L009'),
('A012', 'Jubin Nautiyal', 'Jubin', '1989-06-14', 'Bollywood', 'jubin@music.com', 'L010'),
('A013', 'Badshah', 'Badshah', '1985-11-19', 'Rap', 'badshah@music.com', 'L011'),
('A014', 'Raftaar', 'Raftaar', '1988-11-16', 'Rap', 'raftaar@music.com', 'L012'),
('A015', 'Diljit Dosanjh', 'Diljit', '1984-01-06', 'Punjabi', 'diljit@music.com', 'L013'),
('A016', 'Guru Randhawa', 'Guru', '1991-08-30', 'Punjabi', 'guru@music.com', 'L014'),
('A017', 'Darshan Raval', 'Darshan', '1994-10-18', 'Bollywood', 'darshan@music.com', 'L015'),
('A018', 'Ankit Tiwari', 'Ankit', '1986-03-06', 'Bollywood', 'ankit@music.com', 'L016'),
('A019', 'Pritam Chakraborty', 'Pritam', '1971-06-14', 'Bollywood', 'pritam@music.com', 'L017'),
('A020', 'A.R. Rahman', 'Rahman', '1967-01-06', 'Bollywood', 'rahman@music.com', 'L018');

INSERT INTO Contract (ContractID, StartDate, EndDate, ContractTerms, ArtistID, LabelID) VALUES
('C001', '2019-01-01', '2024-12-31', 'Exclusive deal', 'A004', 'L004'),
('C002', '2018-07-15', '2023-07-15', 'Album contract', 'A005', 'L004'),
('C003', '2020-05-10', '2025-05-10', 'Playback singing deal', 'A006', 'L006'),
('C004', '2017-04-20', '2022-04-20', 'Exclusive Bollywood deal', 'A007', 'L005'),
('C005', '2021-03-12', '2026-03-12', 'Music collaboration', 'A008', 'L007'),
('C006', '2019-06-08', '2024-06-08', 'Album and playback deal', 'A009', 'L007'),
('C007', '2020-09-23', '2025-09-23', 'Music album contract', 'A010', 'L008'),
('C008', '2018-11-11', '2023-11-11', 'Exclusive performance deal', 'A011', 'L009'),
('C009', '2019-02-05', '2024-02-05', 'Bollywood film music deal', 'A012', 'L010'),
('C010', '2021-01-01', '2026-01-01', 'Rap music contract', 'A013', 'L011'),
('C011', '2018-05-21', '2023-05-21', 'Punjabi album deal', 'A014', 'L012'),
('C012', '2020-08-30', '2025-08-30', 'Exclusive Bollywood contract', 'A015', 'L013'),
('C013', '2019-07-14', '2024-07-14', 'Music production deal', 'A016', 'L014'),
('C014', '2017-10-10', '2022-10-10', 'Music collaboration', 'A017', 'L015'),
('C015', '2021-06-18', '2026-06-18', 'Exclusive Bollywood deal', 'A018', 'L016'),
('C016', '2019-12-22', '2024-12-22', 'Playback singing contract', 'A019', 'L017'),
('C017', '2018-09-09', '2023-09-09', 'Music composing contract', 'A020', 'L018'),
('C018', '2022-02-28', '2027-02-28', 'Bollywood exclusive deal', 'A001', 'L001'),
('C019', '2021-04-01', '2026-04-01', 'Music performance contract', 'A002', 'L002'),
('C020', '2017-03-05', '2022-03-05', 'Music collaboration deal', 'A003', 'L003');

INSERT INTO Album (AlbumID, Title, ReleaseDate, Genre, LabelID, ArtistID) VALUES
('AL001', 'Tum Hi Ho', '2013-04-01', 'Bollywood', 'L004', 'A004'),
('AL002', 'Channa Mereya', '2016-07-29', 'Bollywood', 'L004', 'A004'),
('AL003', 'Tera Ban Jaunga', '2019-06-26', 'Bollywood', 'L006', 'A006'),
('AL004', 'Dil Dhadakne Do', '2015-06-05', 'Bollywood', 'L005', 'A007'),
('AL005', 'Aankh Marey', '2018-12-06', 'Bollywood', 'L005', 'A007'),
('AL006', 'Tujhe Dekha', '1995-10-20', 'Bollywood', 'L007', 'A008'),
('AL007', 'Ae Mere Humsafar', '1990-08-15', 'Bollywood', 'L007', 'A009'),
('AL008', 'Pehla Nasha', '1992-02-14', 'Bollywood', 'L008', 'A010'),
('AL009', 'Jeene Laga Hoon', '2013-09-06', 'Bollywood', 'L009', 'A011'),
('AL010', 'Baarish', '2017-03-19', 'Bollywood', 'L010', 'A012'),
('AL011', 'DJ Waley Babu', '2015-07-17', 'Rap', 'L011', 'A013'),
('AL012', 'Dhaakad', '2016-12-23', 'Rap', 'L012', 'A014'),
('AL013', 'Do You Know', '2016-09-24', 'Punjabi', 'L013', 'A015'),
('AL014', 'Lahore', '2017-12-13', 'Punjabi', 'L014', 'A016'),
('AL015', 'Hawa Banke', '2019-08-02', 'Bollywood', 'L015', 'A017'),
('AL016', 'Sunn Raha Hai', '2013-05-03', 'Bollywood', 'L016', 'A018'),
('AL017', 'Chikni Chameli', '2011-12-15', 'Bollywood', 'L017', 'A019'),
('AL018', 'Jai Ho', '2008-12-25', 'Bollywood', 'L018', 'A020'),
('AL019', 'Love Me Like You Do', '2015-01-07', 'Pop', 'L001', 'A001'),
('AL020', 'Hello', '2015-10-23', 'Pop', 'L002', 'A002');

INSERT INTO Track (TrackID, Title, Duration, AlbumID) VALUES
('T001', 'Tum Hi Ho', '4:22', 'AL001'),
('T002', 'Channa Mereya', '4:50', 'AL002'),
('T003', 'Tera Ban Jaunga', '4:14', 'AL003'),
('T004', 'Dil Dhadakne Do', '3:20', 'AL004'),
('T005', 'Aankh Marey', '3:34', 'AL005'),
('T006', 'Tujhe Dekha', '4:45', 'AL006'),
('T007', 'Ae Mere Humsafar', '5:10', 'AL007'),
('T008', 'Pehla Nasha', '4:52', 'AL008'),
('T009', 'Jeene Laga Hoon', '3:45', 'AL009'),
('T010', 'Baarish', '4:12', 'AL010'),
('T011', 'DJ Waley Babu', '3:24', 'AL011'),
('T012', 'Dhaakad', '2:58', 'AL012'),
('T013', 'Do You Know', '3:50', 'AL013'),
('T014', 'Lahore', '3:33', 'AL014'),
('T015', 'Hawa Banke', '4:20', 'AL015'),
('T016', 'Sunn Raha Hai', '6:10', 'AL016'),
('T017', 'Chikni Chameli', '5:45', 'AL017'),
('T018', 'Jai Ho', '5:30', 'AL018'),
('T019', 'Love Me Like You Do', '4:13', 'AL019'),
('T020', 'Hello', '4:55', 'AL020');

INSERT INTO Playlist (PlaylistID, Name, CreatedBy, CreationDate, UserID) VALUES
('PL001', 'Bollywood Classics', 'U001', '2024-02-01', 'U001'),
('PL002', 'Romantic Hits', 'U002', '2024-02-02', 'U002'),
('PL003', 'Party Anthems', 'U003', '2024-02-03', 'U003'),
('PL004', 'Workout Beats', 'U004', '2024-02-04', 'U004'),
('PL005', 'Lofi Vibes', 'U005', '2024-02-05', 'U005'),
('PL006', 'Top 10 Bollywood', 'U006', '2024-02-06', 'U006'),
('PL007', 'Sufi Soul', 'U007', '2024-02-07', 'U007'),
('PL008', '90s Nostalgia', 'U008', '2024-02-08', 'U008'),
('PL009', 'Chill Vibes', 'U009', '2024-02-09', 'U009'),
('PL010', 'Punjabi Beats', 'U010', '2024-02-10', 'U010'),
('PL011', 'Indie Music', 'U011', '2024-02-11', 'U011'),
('PL012', 'Evergreen Melodies', 'U012', '2024-02-12', 'U012'),
('PL013', 'Travel Tunes', 'U013', '2024-02-13', 'U013'),
('PL014', 'Latest Hits', 'U014', '2024-02-14', 'U014'),
('PL015', 'Old is Gold', 'U015', '2024-02-15', 'U015'),
('PL016', 'Fusion Mix', 'U016', '2024-02-16', 'U016'),
('PL017', 'Soft Instrumentals', 'U017', '2024-02-17', 'U017'),
('PL018', 'High Energy Tracks', 'U018', '2024-02-18', 'U018'),
('PL019', 'Unplugged Sessions', 'U019', '2024-02-19', 'U019'),
('PL020', 'Rock & Pop Hits', 'U020', '2024-02-20', 'U020');

INSERT INTO PlaylistTrack (PlaylistID, TrackID) VALUES
('PL001', 'T001'), ('PL001', 'T006'), ('PL001', 'T008'), ('PL001', 'T016'),
('PL002', 'T002'), ('PL002', 'T003'), ('PL002', 'T009'), ('PL002', 'T015'),
('PL003', 'T004'), ('PL003', 'T005'), ('PL003', 'T011'), ('PL003', 'T017'),
('PL004', 'T012'), ('PL004', 'T018'), ('PL004', 'T010'), ('PL004', 'T019'),
('PL005', 'T006'), ('PL005', 'T008'), ('PL005', 'T014'), ('PL005', 'T020'),
('PL006', 'T001'), ('PL006', 'T002'), ('PL006', 'T003'), ('PL006', 'T004'),
('PL007', 'T007'), ('PL007', 'T008'), ('PL007', 'T015'), ('PL007', 'T017'),
('PL008', 'T008'), ('PL008', 'T009'), ('PL008', 'T013'), ('PL008', 'T016'),
('PL009', 'T010'), ('PL009', 'T012'), ('PL009', 'T014'), ('PL009', 'T019'),
('PL010', 'T005'), ('PL010', 'T011'), ('PL010', 'T013'), ('PL010', 'T018'),
('PL011', 'T002'), ('PL011', 'T006'), ('PL011', 'T009'), ('PL011', 'T014'),
('PL012', 'T007'), ('PL012', 'T008'), ('PL012', 'T016'), ('PL012', 'T020'),
('PL013', 'T010'), ('PL013', 'T011'), ('PL013', 'T012'), ('PL013', 'T015'),
('PL014', 'T004'), ('PL014', 'T005'), ('PL014', 'T013'), ('PL014', 'T018'),
('PL015', 'T001'), ('PL015', 'T007'), ('PL015', 'T008'), ('PL015', 'T020'),
('PL016', 'T003'), ('PL016', 'T006'), ('PL016', 'T014'), ('PL016', 'T017'),
('PL017', 'T008'), ('PL017', 'T010'), ('PL017', 'T012'), ('PL017', 'T015'),
('PL018', 'T004'), ('PL018', 'T009'), ('PL018', 'T011'), ('PL018', 'T016'),
('PL019', 'T005'), ('PL019', 'T012'), ('PL019', 'T018'), ('PL019', 'T019'),
('PL020', 'T001'), ('PL020', 'T013'), ('PL020', 'T017'), ('PL020', 'T020');